k,coverage,correctness,infeasible_rate,density
3,0.925116666666668,0.0,0.735,0.04039566666666667
5,0.9774500000000063,0.11333333333333333,0.3333333333333333,0.06606266666666678
10,0.9959500000000023,0.6933333333333334,0.13,0.12846283333333325
15,0.9983333333333345,0.8566666666666667,0.06,0.1872108333333332
20,0.9991666666666672,0.925,0.03166666666666667,0.24091616666666682
25,0.9996500000000001,0.965,0.013333333333333334,0.28853550000000006
30,0.9999000000000001,0.99,0.0,0.33536766666666706
35,1.0,1.0,0.0,0.3931410000000002
40,1.0,1.0,0.0,0.4613021666666662
45,1.0,1.0,0.0,0.5353824999999995
50,1.0,1.0,0.0,0.609733166666667
60,1.0,1.0,0.0,0.7459446666666664
75,1.0,1.0,0.0,0.9010949999999993
100,1.0,1.0,0.0,1.0
